{
  "start_pad_center": [
    1068.7226559595508,
    228.86143207673433
  ],
  "landing_pad_center": [
    199.07836899942163,
    422.56477732793525
  ],
  "drone_center": [
    861.8452380952381,
    175.54761904761904
  ],
  "path": [
    [
      196,
      420
    ],
    [
      200,
      416
    ],
    [
      204,
      412
    ],
    [
      208,
      412
    ],
    [
      212,
      412
    ],
    [
      216,
      412
    ],
    [
      220,
      412
    ],
    [
      224,
      412
    ],
    [
      228,
      412
    ],
    [
      232,
      412
    ],
    [
      236,
      412
    ],
    [
      240,
      412
    ],
    [
      244,
      412
    ],
    [
      248,
      412
    ],
    [
      252,
      412
    ],
    [
      256,
      416
    ],
    [
      260,
      416
    ],
    [
      264,
      416
    ],
    [
      268,
      416
    ],
    [
      272,
      420
    ],
    [
      276,
      420
    ],
    [
      280,
      420
    ],
    [
      284,
      424
    ],
    [
      288,
      428
    ],
    [
      292,
      432
    ],
    [
      296,
      436
    ],
    [
      300,
      440
    ],
    [
      304,
      444
    ],
    [
      308,
      448
    ],
    [
      312,
      452
    ],
    [
      316,
      456
    ],
    [
      316,
      460
    ],
    [
      320,
      464
    ],
    [
      324,
      468
    ],
    [
      324,
      472
    ],
    [
      328,
      476
    ],
    [
      332,
      480
    ],
    [
      336,
      484
    ],
    [
      340,
      488
    ],
    [
      344,
      492
    ],
    [
      348,
      496
    ],
    [
      352,
      500
    ],
    [
      356,
      500
    ],
    [
      360,
      500
    ],
    [
      364,
      504
    ],
    [
      368,
      508
    ],
    [
      372,
      512
    ],
    [
      376,
      512
    ],
    [
      380,
      512
    ],
    [
      384,
      512
    ],
    [
      388,
      516
    ],
    [
      392,
      516
    ],
    [
      396,
      516
    ],
    [
      400,
      516
    ],
    [
      404,
      516
    ],
    [
      408,
      516
    ],
    [
      412,
      516
    ],
    [
      416,
      516
    ],
    [
      420,
      516
    ],
    [
      424,
      516
    ],
    [
      428,
      516
    ],
    [
      432,
      516
    ],
    [
      436,
      516
    ],
    [
      440,
      516
    ],
    [
      444,
      516
    ],
    [
      448,
      516
    ],
    [
      452,
      516
    ],
    [
      456,
      516
    ],
    [
      460,
      516
    ],
    [
      464,
      516
    ],
    [
      468,
      516
    ],
    [
      472,
      516
    ],
    [
      476,
      516
    ],
    [
      480,
      516
    ],
    [
      484,
      516
    ],
    [
      488,
      516
    ],
    [
      492,
      516
    ],
    [
      496,
      516
    ],
    [
      500,
      516
    ],
    [
      504,
      516
    ],
    [
      508,
      516
    ],
    [
      512,
      516
    ],
    [
      516,
      516
    ],
    [
      520,
      516
    ],
    [
      524,
      516
    ],
    [
      528,
      516
    ],
    [
      532,
      512
    ],
    [
      536,
      512
    ],
    [
      540,
      512
    ],
    [
      544,
      512
    ],
    [
      548,
      512
    ],
    [
      552,
      512
    ],
    [
      556,
      512
    ],
    [
      560,
      512
    ],
    [
      564,
      512
    ],
    [
      568,
      512
    ],
    [
      572,
      512
    ],
    [
      576,
      508
    ],
    [
      580,
      508
    ],
    [
      584,
      508
    ],
    [
      588,
      508
    ],
    [
      592,
      508
    ],
    [
      596,
      508
    ],
    [
      600,
      508
    ],
    [
      604,
      508
    ],
    [
      608,
      508
    ],
    [
      612,
      508
    ],
    [
      616,
      504
    ],
    [
      620,
      504
    ],
    [
      624,
      504
    ],
    [
      628,
      504
    ],
    [
      632,
      504
    ],
    [
      636,
      504
    ],
    [
      640,
      504
    ],
    [
      644,
      504
    ],
    [
      648,
      504
    ],
    [
      652,
      500
    ],
    [
      656,
      500
    ],
    [
      660,
      500
    ],
    [
      664,
      500
    ],
    [
      668,
      496
    ],
    [
      672,
      496
    ],
    [
      676,
      492
    ],
    [
      680,
      488
    ],
    [
      684,
      488
    ],
    [
      688,
      488
    ],
    [
      692,
      484
    ],
    [
      696,
      480
    ],
    [
      700,
      476
    ],
    [
      704,
      472
    ],
    [
      708,
      468
    ],
    [
      712,
      464
    ],
    [
      716,
      460
    ],
    [
      716,
      456
    ],
    [
      720,
      452
    ],
    [
      724,
      448
    ],
    [
      724,
      444
    ],
    [
      728,
      440
    ],
    [
      732,
      436
    ],
    [
      736,
      432
    ],
    [
      736,
      428
    ],
    [
      740,
      424
    ],
    [
      740,
      420
    ],
    [
      744,
      416
    ],
    [
      748,
      412
    ],
    [
      748,
      408
    ],
    [
      752,
      404
    ],
    [
      752,
      400
    ],
    [
      756,
      396
    ],
    [
      756,
      392
    ],
    [
      760,
      388
    ],
    [
      764,
      384
    ],
    [
      764,
      380
    ],
    [
      768,
      376
    ],
    [
      768,
      372
    ],
    [
      772,
      368
    ],
    [
      772,
      364
    ],
    [
      776,
      360
    ],
    [
      780,
      356
    ],
    [
      780,
      352
    ],
    [
      784,
      348
    ],
    [
      788,
      344
    ],
    [
      788,
      340
    ],
    [
      792,
      336
    ],
    [
      796,
      332
    ],
    [
      796,
      328
    ],
    [
      800,
      324
    ],
    [
      804,
      320
    ],
    [
      808,
      316
    ],
    [
      812,
      312
    ],
    [
      816,
      308
    ],
    [
      820,
      304
    ],
    [
      824,
      300
    ],
    [
      828,
      296
    ],
    [
      832,
      292
    ],
    [
      836,
      292
    ],
    [
      840,
      288
    ],
    [
      844,
      288
    ],
    [
      848,
      288
    ],
    [
      852,
      284
    ],
    [
      856,
      284
    ],
    [
      860,
      284
    ],
    [
      864,
      284
    ],
    [
      868,
      284
    ],
    [
      872,
      284
    ],
    [
      876,
      284
    ],
    [
      880,
      284
    ],
    [
      884,
      284
    ],
    [
      888,
      284
    ],
    [
      892,
      280
    ],
    [
      896,
      280
    ],
    [
      900,
      280
    ],
    [
      904,
      280
    ],
    [
      908,
      280
    ],
    [
      912,
      280
    ],
    [
      916,
      280
    ],
    [
      920,
      280
    ],
    [
      924,
      280
    ],
    [
      928,
      276
    ],
    [
      932,
      276
    ],
    [
      936,
      276
    ],
    [
      940,
      276
    ],
    [
      944,
      276
    ],
    [
      948,
      276
    ],
    [
      952,
      276
    ],
    [
      956,
      276
    ],
    [
      960,
      272
    ],
    [
      964,
      272
    ],
    [
      968,
      272
    ],
    [
      972,
      272
    ],
    [
      976,
      272
    ],
    [
      980,
      268
    ],
    [
      984,
      268
    ],
    [
      988,
      268
    ],
    [
      992,
      268
    ],
    [
      996,
      268
    ],
    [
      1000,
      268
    ],
    [
      1004,
      268
    ],
    [
      1008,
      264
    ],
    [
      1012,
      264
    ],
    [
      1016,
      260
    ],
    [
      1020,
      256
    ],
    [
      1024,
      252
    ],
    [
      1028,
      248
    ],
    [
      1032,
      248
    ],
    [
      1036,
      248
    ],
    [
      1040,
      248
    ],
    [
      1044,
      248
